record_id	year	sex	age_and_grade	race4	race7
34784	1991	Male	17 years old;12th	White	White
40522	1991	Female	17 years old;12th	Black or African American	Black or African American
32434	1991	Male	16 years old;9th	White	White
38814	1991	Female	16 years old;10th	White	White
42208	1991	Female	18 years old or older;11th	Black or African American	Black or African American
31229	1991	Male	15 years old;11th	Black or African American	Black or African American
40294	1991	Female	17 years old;11th	White	White
41873	1991	Female	18 years old or older;12th	White	White
31230	1991	Male	15 years old;9th	White	White
34170	1991	Male	17 years old;11th	Hispanic/Latino	Hispanic/Latino
40408	1991	Female	17 years old;12th	All other races	Asian
37983	1991	Female	15 years old;9th	White	White
42521	1991	Female	18 years old or older;11th	Hispanic/Latino	Hispanic/Latino
37397	1991	Female	15 years old;9th	White	White
37310	1991	Female	15 years old;9th	White	White
41406	1991	Female	17 years old;11th	Black or African American	Black or African American
37291	1991	Female	15 years old;10th	Black or African American	Black or African American
36536	1991	Male	18 years old or older;11th	White	White
37796	1991	Female	15 years old;10th	Black or African American	Black or African American
41493	1991	Female	17 years old;12th	White	White
35367	1991	Male	18 years old or older;12th	White	White
38202	1991	Female	15 years old;10th	Hispanic/Latino	Hispanic/Latino
41832	1991	Female	18 years old or older;12th	Hispanic/Latino	Hispanic/Latino
33984	1991	Male	17 years old;11th	White	White
40402	1991	Female	17 years old;12th	Black or African American	Black or African American
31099	1991	Male	15 years old;10th	Black or African American	Black or African American
39285	1991	Female	16 years old;10th	Black or African American	Black or African American
37883	1991	Female	15 years old;10th	All other races	Asian
31148	1991	Male	15 years old;9th	White	White
31895	1991	Male	15 years old;9th	Hispanic/Latino	Hispanic/Latino
34611	1991	Male	17 years old;10th	White	White
42502	1991	Female	18 years old or older;11th	Hispanic/Latino	Hispanic/Latino
38759	1991	Female	16 years old;10th	White	White
41516	1991	Female	17 years old;10th	White	White
32858	1991	Male	16 years old;11th	Hispanic/Latino	Hispanic/Latino
38337	1991	Female	15 years old;9th	Black or African American	Black or African American
34296	1991	Male	17 years old;11th	Hispanic/Latino	Hispanic/Latino
32341	1991	Male	16 years old;10th	Black or African American	Black or African American
30950	1991	Male	14 years old;9th	White	White
37370	1991	Female	15 years old;9th	Black or African American	Black or African American
35096	1991	Male	17 years old;10th	All other races	NA
33017	1991	Male	16 years old;10th	White	White
40333	1991	Female	17 years old;11th	White	White
30791	1991	Male	14 years old;9th	Black or African American	Black or African American
37176	1991	Female	14 years old;10th	White	White
30904	1991	Male	14 years old;9th	Hispanic/Latino	Hispanic/Latino
33861	1991	Male	17 years old;12th	Black or African American	Black or African American
38012	1991	Female	15 years old;9th	Hispanic/Latino	Hispanic/Latino
32344	1991	Male	16 years old;11th	Black or African American	Black or African American
38258	1991	Female	15 years old;10th	Hispanic/Latino	Hispanic/Latino
37395	1991	Female	15 years old;9th	White	White
39134	1991	Female	16 years old;10th	Hispanic/Latino	Hispanic/Latino
40778	1991	Female	17 years old;11th	Black or African American	Black or African American
42560	1991	Female	18 years old or older;11th	Hispanic/Latino	Hispanic/Latino
41974	1991	Female	18 years old or older;12th	Black or African American	Black or African American
38764	1991	Female	16 years old;10th	Black or African American	Black or African American
36483	1991	Male	18 years old or older;11th	Hispanic/Latino	Hispanic/Latino
31053	1991	Male	15 years old;9th	White	White
32964	1991	Male	16 years old;10th	Black or African American	Black or African American
38797	1991	Female	16 years old;11th	White	White
34292	1991	Male	17 years old;12th	White	White
34108	1991	Male	17 years old;11th	Black or African American	Black or African American
34304	1991	Male	17 years old;9th	Hispanic/Latino	Hispanic/Latino
34250	1991	Male	17 years old;10th	Black or African American	Black or African American
34443	1991	Male	17 years old;12th	Hispanic/Latino	Hispanic/Latino
36161	1991	Male	18 years old or older;11th	White	White
33687	1991	Male	16 years old;11th	Hispanic/Latino	Hispanic/Latino
39126	1991	Female	16 years old;10th	Hispanic/Latino	Hispanic/Latino
34813	1991	Male	17 years old;12th	Hispanic/Latino	Hispanic/Latino
35745	1991	Male	18 years old or older;12th	Black or African American	Black or African American
35575	1991	Male	18 years old or older;11th	White	White
40320	1991	Female	17 years old;12th	White	White
31101	1991	Male	15 years old;9th	White	White
34293	1991	Male	17 years old;12th	Black or African American	Black or African American
34318	1991	Male	17 years old;10th	White	White
36596	1991	Female	13 years old;10th	Black or African American	Black or African American
41912	1991	Female	18 years old or older;12th	Hispanic/Latino	Hispanic/Latino
40751	1991	Female	17 years old;10th	Hispanic/Latino	Hispanic/Latino
35127	1991	Male	17 years old;12th	White	White
32470	1991	Male	16 years old;10th	Hispanic/Latino	Hispanic/Latino
31809	1991	Male	15 years old;9th	White	White
31120	1991	Male	15 years old;10th	White	White
31321	1991	Male	15 years old;9th	All other races	Asian
42085	1991	Female	18 years old or older;12th	Hispanic/Latino	Hispanic/Latino
34388	1991	Male	17 years old;11th	All other races	Am Indian / Alaska Native
40459	1991	Female	17 years old;10th	Black or African American	Black or African American
37780	1991	Female	15 years old;10th	Black or African American	Black or African American
31276	1991	Male	15 years old;10th	All other races	Asian
32623	1991	Male	16 years old;10th	White	White
41766	1991	Female	18 years old or older;12th	Hispanic/Latino	Hispanic/Latino
37399	1991	Female	15 years old;10th	White	White
41691	1991	Female	17 years old;12th	Hispanic/Latino	Hispanic/Latino
36734	1991	Female	14 years old;9th	Hispanic/Latino	Hispanic/Latino
40383	1991	Female	17 years old;10th	White	White
38894	1991	Female	16 years old;10th	Black or African American	Black or African American
32596	1991	Male	16 years old;9th	White	White
34010	1991	Male	17 years old;10th	Hispanic/Latino	Hispanic/Latino
37339	1991	Female	15 years old;9th	White	White
36025	1991	Male	18 years old or older;10th	Hispanic/Latino	Hispanic/Latino
41602	1991	Female	17 years old;10th	Black or African American	Black or African American
37295	1991	Female	15 years old;10th	White	White
30825	1991	Male	14 years old;9th	Black or African American	Black or African American
36622	1991	Female	14 years old;10th	Black or African American	Black or African American
40279	1991	Female	17 years old;12th	Black or African American	Black or African American
37245	1991	Female	15 years old;10th	Black or African American	Black or African American
32975	1991	Male	16 years old;10th	Black or African American	Black or African American
39625	1991	Female	16 years old;11th	Black or African American	Black or African American
31402	1991	Male	15 years old;10th	All other races	Asian
37958	1991	Female	15 years old;9th	Black or African American	Black or African American
37323	1991	Female	15 years old;9th	White	White
31360	1991	Male	15 years old;9th	Black or African American	Black or African American
39661	1991	Female	16 years old;11th	All other races	Asian
34467	1991	Male	17 years old;12th	Black or African American	Black or African American
41145	1991	Female	17 years old;12th	White	White
35659	1991	Male	18 years old or older;11th	Hispanic/Latino	Hispanic/Latino
42402	1991	Female	18 years old or older;12th	Hispanic/Latino	Hispanic/Latino
32791	1991	Male	16 years old;11th	Black or African American	Black or African American
34509	1991	Male	17 years old;11th	All other races	NA
34225	1991	Male	17 years old;12th	White	White
33817	1991	Male	17 years old;11th	Hispanic/Latino	Hispanic/Latino
38871	1991	Female	16 years old;11th	Black or African American	Black or African American
41639	1991	Female	17 years old;12th	All other races	NA
34287	1991	Male	17 years old;10th	White	White
35937	1991	Male	18 years old or older;12th	All other races	Asian
32548	1991	Male	16 years old;9th	Black or African American	Black or African American
39283	1991	Female	16 years old;10th	White	White
36078	1991	Male	18 years old or older;11th	Hispanic/Latino	Hispanic/Latino
31951	1991	Male	15 years old;9th	All other races	NA
33493	1991	Male	16 years old;11th	All other races	Asian
36590	1991	Female	13 years old;9th	White	White
41001	1991	Female	17 years old;10th	Black or African American	Black or African American
33736	1991	Male	16 years old;9th	White	White
34920	1991	Male	17 years old;11th	Black or African American	Black or African American
32279	1991	Male	16 years old;11th	White	White
36500	1991	Male	18 years old or older;12th	All other races	Asian
34559	1991	Male	17 years old;12th	Black or African American	Black or African American
37652	1991	Female	15 years old;11th	Hispanic/Latino	Hispanic/Latino
35401	1991	Male	18 years old or older;11th	White	White
35261	1991	Male	17 years old;10th	White	White
35603	1991	Male	18 years old or older;12th	Hispanic/Latino	Hispanic/Latino
39280	1991	Female	16 years old;10th	Black or African American	Black or African American
35339	1991	Male	18 years old or older;12th	White	White
30792	1991	Male	14 years old;9th	Black or African American	Black or African American
40381	1991	Female	17 years old;11th	Hispanic/Latino	Hispanic/Latino
32472	1991	Male	16 years old;10th	Hispanic/Latino	Hispanic/Latino
40987	1991	Female	17 years old;10th	Black or African American	Black or African American
32333	1991	Male	16 years old;10th	Black or African American	Black or African American
31259	1991	Male	15 years old;9th	White	White
36661	1991	Female	14 years old;9th	White	White
41895	1991	Female	18 years old or older;12th	Black or African American	Black or African American
30610	1991	Male	13 years old;9th	Black or African American	Black or African American
38167	1991	Female	15 years old;10th	Hispanic/Latino	Hispanic/Latino
41976	1991	Female	18 years old or older;12th	White	White
40315	1991	Female	17 years old;12th	Black or African American	Black or African American
37306	1991	Female	15 years old;9th	White	White
33921	1991	Male	17 years old;10th	Black or African American	Black or African American
36888	1991	Female	14 years old;9th	White	White
38855	1991	Female	16 years old;10th	White	White
31639	1991	Male	15 years old;10th	Black or African American	Black or African American
33954	1991	Male	17 years old;12th	Hispanic/Latino	Hispanic/Latino
31564	1991	Male	15 years old;10th	Black or African American	Black or African American
37766	1991	Female	15 years old;10th	White	White
32790	1991	Male	16 years old;10th	Hispanic/Latino	Hispanic/Latino
34065	1991	Male	17 years old;11th	Black or African American	Black or African American
34172	1991	Male	17 years old;12th	Black or African American	Black or African American
32781	1991	Male	16 years old;11th	Hispanic/Latino	Hispanic/Latino
40873	1991	Female	17 years old;11th	Black or African American	Black or African American
40831	1991	Female	17 years old;12th	Black or African American	Black or African American
35742	1991	Male	18 years old or older;12th	Black or African American	Black or African American
40178	1991	Female	16 years old;10th	All other races	Asian
39393	1991	Female	16 years old;11th	Hispanic/Latino	Hispanic/Latino
35435	1991	Male	18 years old or older;10th	Black or African American	Black or African American
40536	1991	Female	17 years old;12th	Black or African American	Black or African American
40875	1991	Female	17 years old;12th	Black or African American	Black or African American
41760	1991	Female	17 years old;10th	Hispanic/Latino	Hispanic/Latino
39089	1991	Female	16 years old;9th	Hispanic/Latino	Hispanic/Latino
31899	1991	Male	15 years old;9th	Hispanic/Latino	Hispanic/Latino
39080	1991	Female	16 years old;9th	Hispanic/Latino	Hispanic/Latino
32286	1991	Male	16 years old;10th	Hispanic/Latino	Hispanic/Latino
35970	1991	Male	18 years old or older;11th	All other races	Asian
36611	1991	Female	14 years old;9th	White	White
41997	1991	Female	18 years old or older;12th	Black or African American	Black or African American
40262	1991	Female	17 years old;12th	White	White
37718	1991	Female	15 years old;10th	Black or African American	Black or African American
32447	1991	Male	16 years old;11th	White	White
32330	1991	Male	16 years old;10th	Hispanic/Latino	Hispanic/Latino
36002	1991	Male	18 years old or older;12th	Hispanic/Latino	Hispanic/Latino
37270	1991	Female	15 years old;10th	White	White
40783	1991	Female	17 years old;12th	Hispanic/Latino	Hispanic/Latino
35444	1991	Male	18 years old or older;11th	White	White
35296	1991	Male	17 years old;11th	Hispanic/Latino	Hispanic/Latino
34021	1991	Male	17 years old;12th	White	White
37368	1991	Female	15 years old;9th	Black or African American	Black or African American
38975	1991	Female	16 years old;11th	Black or African American	Black or African American
32431	1991	Male	16 years old;11th	Hispanic/Latino	Hispanic/Latino
32102	1991	Male	15 years old;9th	All other races	NA
30680	1991	Male	14 years old;9th	Black or African American	Black or African American
36698	1991	Female	14 years old;9th	Hispanic/Latino	Hispanic/Latino
35818	1991	Male	18 years old or older;10th	Black or African American	Black or African American
39842	1991	Female	16 years old;9th	Black or African American	Black or African American
37359	1991	Female	15 years old;10th	White	White
34745	1991	Male	17 years old;12th	Hispanic/Latino	Hispanic/Latino
32451	1991	Male	16 years old;11th	White	White
35343	1991	Male	18 years old or older;12th	Black or African American	Black or African American
34238	1991	Male	17 years old;11th	Hispanic/Latino	Hispanic/Latino
37390	1991	Female	15 years old;10th	Hispanic/Latino	Hispanic/Latino
37427	1991	Female	15 years old;9th	Hispanic/Latino	Hispanic/Latino
37360	1991	Female	15 years old;10th	Hispanic/Latino	Hispanic/Latino
40684	1991	Female	17 years old;11th	All other races	Asian
35762	1991	Male	18 years old or older;12th	White	White
34032	1991	Male	17 years old;9th	Black or African American	Black or African American
40951	1991	Female	17 years old;12th	Hispanic/Latino	Hispanic/Latino
42069	1991	Female	18 years old or older;12th	Hispanic/Latino	Hispanic/Latino
34087	1991	Male	17 years old;12th	White	White
36708	1991	Female	14 years old;9th	All other races	NA
32788	1991	Male	16 years old;9th	Hispanic/Latino	Hispanic/Latino
35490	1991	Male	18 years old or older;12th	Black or African American	Black or African American
32969	1991	Male	16 years old;11th	Black or African American	Black or African American
39549	1991	Female	16 years old;12th	Hispanic/Latino	Hispanic/Latino
32215	1991	Male	15 years old;9th	All other races	Asian
38784	1991	Female	16 years old;10th	White	White
42000	1991	Female	18 years old or older;12th	All other races	Asian
41801	1991	Female	18 years old or older;12th	Black or African American	Black or African American
32211	1991	Male	15 years old;10th	All other races	Asian
35926	1991	Male	18 years old or older;12th	White	White
42622	1991	Female	18 years old or older;12th	All other races	Am Indian / Alaska Native
39874	1991	Female	16 years old;11th	Black or African American	Black or African American
32064	1991	Male	15 years old;9th	All other races	NA
34034	1991	Male	17 years old;10th	White	White
41573	1991	Female	17 years old;10th	Black or African American	Black or African American
32444	1991	Male	16 years old;9th	Black or African American	Black or African American
38741	1991	Female	16 years old;9th	Black or African American	Black or African American
31549	1991	Male	15 years old;9th	All other races	Asian
37379	1991	Female	15 years old;10th	White	White
41848	1991	Female	18 years old or older;12th	White	White
32673	1991	Male	16 years old;10th	Black or African American	Black or African American
38079	1991	Female	15 years old;9th	All other races	Am Indian / Alaska Native
41802	1991	Female	18 years old or older;12th	Black or African American	Black or African American
38963	1991	Female	16 years old;11th	White	White
34788	1991	Male	17 years old;12th	Hispanic/Latino	Hispanic/Latino
40640	1991	Female	17 years old;12th	White	White
36712	1991	Female	14 years old;9th	White	White
31482	1991	Male	15 years old;9th	White	White
38542	1991	Female	15 years old;10th	All other races	Asian
39331	1991	Female	16 years old;11th	Hispanic/Latino	Hispanic/Latino
33051	1991	Male	16 years old;10th	Hispanic/Latino	Hispanic/Latino
34569	1991	Male	17 years old;12th	Hispanic/Latino	Hispanic/Latino
33924	1991	Male	17 years old;11th	White	White
40928	1991	Female	17 years old;11th	Black or African American	Black or African American
30896	1991	Male	14 years old;9th	White	White
36779	1991	Female	14 years old;9th	White	White
31529	1991	Male	15 years old;10th	Hispanic/Latino	Hispanic/Latino
42419	1991	Female	18 years old or older;11th	White	White
38387	1991	Female	15 years old;10th	Hispanic/Latino	Hispanic/Latino
34222	1991	Male	17 years old;9th	Black or African American	Black or African American
33944	1991	Male	17 years old;12th	White	White
41309	1991	Female	17 years old;11th	Hispanic/Latino	Hispanic/Latino
30620	1991	Male	14 years old;9th	White	White
37869	1991	Female	15 years old;10th	Black or African American	Black or African American
39558	1991	Female	16 years old;12th	Hispanic/Latino	Hispanic/Latino
36692	1991	Female	14 years old;9th	Hispanic/Latino	Hispanic/Latino
37157	1991	Female	14 years old;9th	White	White
33078	1991	Male	16 years old;9th	Black or African American	Black or African American
34973	1991	Male	17 years old;11th	Black or African American	Black or African American
30657	1991	Male	14 years old;9th	White	White
37265	1991	Female	15 years old;10th	White	White
33912	1991	Male	17 years old;12th	Black or African American	Black or African American
33884	1991	Male	17 years old;11th	White	White
34252	1991	Male	17 years old;12th	White	White
31368	1991	Male	15 years old;10th	Hispanic/Latino	Hispanic/Latino
34851	1991	Male	17 years old;9th	Black or African American	Black or African American
42498	1991	Female	18 years old or older;11th	All other races	Asian
31112	1991	Male	15 years old;9th	White	White
40036	1991	Female	16 years old;11th	All other races	Asian
36191	1991	Male	18 years old or older;11th	Hispanic/Latino	Hispanic/Latino
34770	1991	Male	17 years old;12th	All other races	NA
35364	1991	Male	18 years old or older;11th	Black or African American	Black or African American
38226	1991	Female	15 years old;10th	Black or African American	Black or African American
32631	1991	Male	16 years old;11th	Hispanic/Latino	Hispanic/Latino
37678	1991	Female	15 years old;9th	White	White
36628	1991	Female	14 years old;9th	White	White
31106	1991	Male	15 years old;9th	Black or African American	Black or African American
37778	1991	Female	15 years old;9th	White	White
37356	1991	Female	15 years old;10th	White	White
42031	1991	Female	18 years old or older;12th	White	White
40707	1991	Female	17 years old;10th	Hispanic/Latino	Hispanic/Latino
32538	1991	Male	16 years old;11th	Black or African American	Black or African American
32310	1991	Male	16 years old;10th	Hispanic/Latino	Hispanic/Latino
33428	1991	Male	16 years old;11th	White	White
37864	1991	Female	15 years old;9th	Black or African American	Black or African American
39223	1991	Female	16 years old;10th	White	White
41882	1991	Female	18 years old or older;12th	White	White
32592	1991	Male	16 years old;10th	All other races	Asian
40328	1991	Female	17 years old;12th	White	White
38721	1991	Female	16 years old;10th	Hispanic/Latino	Hispanic/Latino
42095	1991	Female	18 years old or older;12th	Hispanic/Latino	Hispanic/Latino
30836	1991	Male	14 years old;9th	Hispanic/Latino	Hispanic/Latino
37246	1991	Female	15 years old;10th	Hispanic/Latino	Hispanic/Latino
38843	1991	Female	16 years old;10th	White	White
41973	1991	Female	18 years old or older;12th	Black or African American	Black or African American
33591	1991	Male	16 years old;9th	Hispanic/Latino	Hispanic/Latino
30767	1991	Male	14 years old;9th	All other races	NA
35532	1991	Male	18 years old or older;12th	Hispanic/Latino	Hispanic/Latino
38827	1991	Female	16 years old;11th	Black or African American	Black or African American
36642	1991	Female	14 years old;9th	All other races	NA
32919	1991	Male	16 years old;11th	White	White
38809	1991	Female	16 years old;10th	White	White
32159	1991	Male	15 years old;10th	White	White
34342	1991	Male	17 years old;11th	All other races	NA
30596	1991	NA	17 years old;NA	All other races	NA
32877	1991	Male	16 years old;9th	Black or African American	Black or African American
31983	1991	Male	15 years old;9th	Black or African American	Black or African American
33953	1991	Male	17 years old;12th	White	White
37239	1991	Female	15 years old;9th	White	White
38782	1991	Female	16 years old;10th	White	White
37135	1991	Female	14 years old;9th	All other races	Asian
42603	1991	Female	18 years old or older;11th	Black or African American	Black or African American
34152	1991	Male	17 years old;11th	Hispanic/Latino	Hispanic/Latino
32380	1991	Male	16 years old;10th	White	White
36010	1991	Male	18 years old or older;12th	Hispanic/Latino	Hispanic/Latino
42541	1991	Female	18 years old or older;11th	Hispanic/Latino	Hispanic/Latino
35755	1991	Male	18 years old or older;11th	Black or African American	Black or African American
36607	1991	Female	14 years old;9th	White	White
33830	1991	Male	17 years old;11th	Black or African American	Black or African American
33130	1991	Male	16 years old;10th	White	White
42476	1991	Female	18 years old or older;11th	Hispanic/Latino	Hispanic/Latino
35397	1991	Male	18 years old or older;12th	Black or African American	Black or African American
31062	1991	Male	15 years old;9th	White	White
36364	1991	Male	18 years old or older;9th	All other races	NA
33848	1991	Male	17 years old;12th	White	White
37229	1991	Female	15 years old;10th	White	White
40357	1991	Female	17 years old;12th	Hispanic/Latino	Hispanic/Latino
30751	1991	Male	14 years old;9th	Hispanic/Latino	Hispanic/Latino
40595	1991	Female	17 years old;11th	Hispanic/Latino	Hispanic/Latino
32379	1991	Male	16 years old;10th	Black or African American	Black or African American
42187	1991	Female	18 years old or older;11th	Black or African American	Black or African American
33858	1991	Male	17 years old;11th	Black or African American	Black or African American
38806	1991	Female	16 years old;11th	Black or African American	Black or African American
39916	1991	Female	16 years old;11th	White	White
34100	1991	Male	17 years old;11th	Black or African American	Black or African American
41906	1991	Female	18 years old or older;12th	Black or African American	Black or African American
40914	1991	Female	17 years old;12th	All other races	NA
34004	1991	Male	17 years old;12th	White	White
30606	1991	Male	12 years old or younger;NA	Black or African American	Black or African American
34060	1991	Male	17 years old;11th	White	White
32486	1991	Male	16 years old;9th	Hispanic/Latino	Hispanic/Latino
35404	1991	Male	18 years old or older;11th	White	White
38985	1991	Female	16 years old;11th	White	White
37419	1991	Female	15 years old;10th	Black or African American	Black or African American
33545	1991	Male	16 years old;11th	All other races	Asian
35565	1991	Male	18 years old or older;12th	Black or African American	Black or African American
32292	1991	Male	16 years old;10th	Black or African American	Black or African American
30894	1991	Male	14 years old;9th	Black or African American	Black or African American
41825	1991	Female	18 years old or older;12th	Hispanic/Latino	Hispanic/Latino
36836	1991	Female	14 years old;9th	White	White
32480	1991	Male	16 years old;9th	Black or African American	Black or African American
36818	1991	Female	14 years old;9th	White	White
37067	1991	Female	14 years old;9th	Hispanic/Latino	Hispanic/Latino
41816	1991	Female	18 years old or older;12th	All other races	Asian
37457	1991	Female	15 years old;9th	Black or African American	Black or African American
40863	1991	Female	17 years old;11th	All other races	Asian
34168	1991	Male	17 years old;10th	White	White
33937	1991	Male	17 years old;11th	White	White
38819	1991	Female	16 years old;11th	White	White
40687	1991	Female	17 years old;11th	Hispanic/Latino	Hispanic/Latino
40804	1991	Female	17 years old;10th	Black or African American	Black or African American
41129	1991	Female	17 years old;10th	Hispanic/Latino	Hispanic/Latino
32197	1991	Male	15 years old;10th	Black or African American	Black or African American
36458	1991	Male	18 years old or older;10th	Black or African American	Black or African American
38825	1991	Female	16 years old;10th	White	White
31371	1991	Male	15 years old;9th	White	White
35208	1991	Male	17 years old;12th	Black or African American	Black or African American
31854	1991	Male	15 years old;9th	Black or African American	Black or African American
34039	1991	Male	17 years old;10th	Hispanic/Latino	Hispanic/Latino
37211	1991	Female	14 years old;9th	Hispanic/Latino	Hispanic/Latino
37203	1991	Female	14 years old;9th	All other races	Asian
39773	1991	Female	16 years old;10th	Hispanic/Latino	Hispanic/Latino
38122	1991	Female	15 years old;9th	All other races	NA
40372	1991	Female	17 years old;12th	Hispanic/Latino	Hispanic/Latino
39076	1991	Female	16 years old;9th	Hispanic/Latino	Hispanic/Latino
41953	1991	Female	18 years old or older;12th	Black or African American	Black or African American
35152	1991	Male	17 years old;12th	Black or African American	Black or African American
39214	1991	Female	16 years old;10th	Black or African American	Black or African American
42543	1991	Female	18 years old or older;11th	Hispanic/Latino	Hispanic/Latino
40424	1991	Female	17 years old;11th	White	White
34469	1991	Male	17 years old;12th	Black or African American	Black or African American
31533	1991	Male	15 years old;10th	White	White
38854	1991	Female	16 years old;11th	Hispanic/Latino	Hispanic/Latino
38230	1991	Female	15 years old;10th	Black or African American	Black or African American
31441	1991	Male	15 years old;10th	Black or African American	Black or African American
38256	1991	Female	15 years old;10th	Hispanic/Latino	Hispanic/Latino
39568	1991	Female	16 years old;9th	White	White
32152	1991	Male	15 years old;10th	All other races	NA
40105	1991	Female	16 years old;11th	Black or African American	Black or African American
30727	1991	Male	14 years old;9th	Hispanic/Latino	Hispanic/Latino
32308	1991	Male	16 years old;10th	Hispanic/Latino	Hispanic/Latino
32108	1991	Male	15 years old;9th	Black or African American	Black or African American
40838	1991	Female	17 years old;11th	Black or African American	Black or African American
39388	1991	Female	16 years old;10th	All other races	NA
41784	1991	Female	18 years old or older;12th	Hispanic/Latino	Hispanic/Latino
41916	1991	Female	18 years old or older;12th	Black or African American	Black or African American
39292	1991	Female	16 years old;11th	Hispanic/Latino	Hispanic/Latino
30883	1991	Male	14 years old;9th	All other races	NA
36153	1991	Male	18 years old or older;12th	Hispanic/Latino	Hispanic/Latino
35400	1991	Male	18 years old or older;12th	Black or African American	Black or African American
34436	1991	Male	17 years old;12th	White	White
36632	1991	Female	14 years old;9th	Black or African American	Black or African American
37646	1991	Female	15 years old;10th	Hispanic/Latino	Hispanic/Latino
40884	1991	Female	17 years old;12th	Black or African American	Black or African American
40344	1991	Female	17 years old;12th	White	White
42743	1991	Female	18 years old or older;11th	Black or African American	Black or African American
34810	1991	Male	17 years old;12th	Hispanic/Latino	Hispanic/Latino
36188	1991	Male	18 years old or older;12th	White	White
41809	1991	Female	18 years old or older;10th	Black or African American	Black or African American
39289	1991	Female	16 years old;10th	All other races	Asian
41971	1991	Female	18 years old or older;12th	All other races	NA
35725	1991	Male	18 years old or older;11th	White	White
34125	1991	Male	17 years old;11th	White	White
42838	1991	Female	18 years old or older;11th	White	White
32281	1991	Male	16 years old;10th	Black or African American	Black or African American
38043	1991	Female	15 years old;9th	Black or African American	Black or African American
30734	1991	Male	14 years old;9th	Hispanic/Latino	Hispanic/Latino
38893	1991	Female	16 years old;11th	Hispanic/Latino	Hispanic/Latino
41813	1991	Female	18 years old or older;12th	Black or African American	Black or African American
39040	1991	Female	16 years old;11th	White	White
32499	1991	Male	16 years old;10th	Hispanic/Latino	Hispanic/Latino
37092	1991	Female	14 years old;9th	Hispanic/Latino	Hispanic/Latino
36303	1991	Male	18 years old or older;12th	Black or African American	Black or African American
38683	1991	Female	16 years old;10th	Hispanic/Latino	Hispanic/Latino
36725	1991	Female	14 years old;9th	All other races	Asian
31209	1991	Male	15 years old;9th	Hispanic/Latino	Hispanic/Latino
35759	1991	Male	18 years old or older;11th	White	White
42017	1991	Female	18 years old or older;12th	All other races	NA
36279	1991	Male	18 years old or older;11th	White	White
42195	1991	Female	18 years old or older;12th	Black or African American	Black or African American
34196	1991	Male	17 years old;12th	White	White
34368	1991	Male	17 years old;11th	Hispanic/Latino	Hispanic/Latino
37403	1991	Female	15 years old;9th	Hispanic/Latino	Hispanic/Latino
39482	1991	Female	16 years old;11th	All other races	Asian
33828	1991	Male	17 years old;12th	White	White
32393	1991	Male	16 years old;10th	White	White
40467	1991	Female	17 years old;11th	Black or African American	Black or African American
31471	1991	Male	15 years old;9th	Black or African American	Black or African American
40712	1991	Female	17 years old;11th	Hispanic/Latino	Hispanic/Latino
32376	1991	Male	16 years old;11th	White	White
37328	1991	Female	15 years old;10th	Black or African American	Black or African American
35817	1991	Male	18 years old or older;10th	Black or African American	Black or African American
36542	1991	Male	18 years old or older;11th	Black or African American	Black or African American
41234	1991	Female	17 years old;12th	Black or African American	Black or African American
33827	1991	Male	17 years old;11th	White	White
35393	1991	Male	18 years old or older;12th	White	White
33947	1991	Male	17 years old;11th	White	White
37503	1991	Female	15 years old;10th	White	White
39353	1991	Female	16 years old;9th	Black or African American	Black or African American
37401	1991	Female	15 years old;9th	White	White
37988	1991	Female	15 years old;9th	White	White
33630	1991	Male	16 years old;10th	Black or African American	Black or African American
31079	1991	Male	15 years old;10th	White	White
34922	1991	Male	17 years old;11th	White	White
37123	1991	Female	14 years old;9th	All other races	Am Indian / Alaska Native
37760	1991	Female	15 years old;10th	Hispanic/Latino	Hispanic/Latino
37032	1991	Female	14 years old;9th	All other races	NA
37244	1991	Female	15 years old;10th	White	White
34386	1991	Male	17 years old;11th	White	White
37620	1991	Female	15 years old;9th	Black or African American	Black or African American
32651	1991	Male	16 years old;9th	Black or African American	Black or African American
34223	1991	Male	17 years old;11th	Black or African American	Black or African American
37686	1991	Female	15 years old;9th	Hispanic/Latino	Hispanic/Latino
32571	1991	Male	16 years old;9th	All other races	Asian
32568	1991	Male	16 years old;11th	Hispanic/Latino	Hispanic/Latino
37540	1991	Female	15 years old;10th	Hispanic/Latino	Hispanic/Latino
30698	1991	Male	14 years old;9th	White	White
42373	1991	Female	18 years old or older;12th	Black or African American	Black or African American
39221	1991	Female	16 years old;10th	White	White
31167	1991	Male	15 years old;10th	Black or African American	Black or African American
30708	1991	Male	14 years old;9th	White	White
35342	1991	Male	18 years old or older;12th	Hispanic/Latino	Hispanic/Latino
36610	1991	Female	14 years old;9th	Black or African American	Black or African American
38890	1991	Female	16 years old;11th	White	White
34094	1991	Male	17 years old;12th	All other races	Asian
37418	1991	Female	15 years old;10th	White	White
42045	1991	Female	18 years old or older;12th	White	White
40427	1991	Female	17 years old;11th	Hispanic/Latino	Hispanic/Latino
37998	1991	Female	15 years old;9th	Black or African American	Black or African American
35085	1991	Male	17 years old;11th	Black or African American	Black or African American
37557	1991	Female	15 years old;9th	Hispanic/Latino	Hispanic/Latino
33080	1991	Male	16 years old;12th	Hispanic/Latino	Hispanic/Latino
39753	1991	Female	16 years old;9th	All other races	Asian
35736	1991	Male	18 years old or older;12th	White	White
40748	1991	Female	17 years old;10th	White	White
33989	1991	Male	17 years old;9th	White	White
36948	1991	Female	14 years old;9th	Black or African American	Black or African American
33535	1991	Male	16 years old;11th	Hispanic/Latino	Hispanic/Latino
38010	1991	Female	15 years old;9th	Black or African American	Black or African American
33626	1991	Male	16 years old;9th	White	White
41860	1991	Female	18 years old or older;12th	Black or African American	Black or African American
32780	1991	Male	16 years old;10th	Hispanic/Latino	Hispanic/Latino
36315	1991	Male	18 years old or older;10th	Black or African American	Black or African American
35310	1991	Male	18 years old or older;12th	White	White
36496	1991	Male	18 years old or older;12th	All other races	Asian
38676	1991	Female	16 years old;10th	White	White
33905	1991	Male	17 years old;11th	White	White
30595	1991	NA	16 years old;10th	White	White
40366	1991	Female	17 years old;11th	Black or African American	Black or African American
41534	1991	Female	17 years old;12th	All other races	Asian
30638	1991	Male	14 years old;9th	Black or African American	Black or African American
33593	1991	Male	16 years old;12th	NA	NA
37890	1991	Female	15 years old;10th	White	White
35708	1991	Male	18 years old or older;12th	White	White
37603	1991	Female	15 years old;10th	Black or African American	Black or African American
37932	1991	Female	15 years old;10th	White	White
36515	1991	Male	18 years old or older;11th	All other races	Asian
34190	1991	Male	17 years old;12th	Hispanic/Latino	Hispanic/Latino
41787	1991	Female	18 years old or older;12th	White	White
34001	1991	Male	17 years old;10th	White	White
35992	1991	Male	18 years old or older;11th	NA	NA
31375	1991	Male	15 years old;10th	Black or African American	Black or African American
42214	1991	Female	18 years old or older;12th	Black or African American	Black or African American
31785	1991	Male	15 years old;9th	Black or African American	Black or African American
42551	1991	Female	18 years old or older;11th	Black or African American	Black or African American
40647	1991	Female	17 years old;11th	Black or African American	Black or African American
32360	1991	Male	16 years old;10th	White	White
32410	1991	Male	16 years old;9th	Hispanic/Latino	Hispanic/Latino
40322	1991	Female	17 years old;11th	White	White
38702	1991	Female	16 years old;10th	White	White
31973	1991	Male	15 years old;9th	White	White
36583	1991	Female	12 years old or younger;NA	Black or African American	Black or African American
31280	1991	Male	15 years old;9th	Black or African American	Black or African American
40414	1991	Female	17 years old;11th	All other races	Am Indian / Alaska Native
41490	1991	Female	17 years old;12th	White	White
34602	1991	Male	17 years old;11th	All other races	Am Indian / Alaska Native
31761	1991	Male	15 years old;9th	Hispanic/Latino	Hispanic/Latino
32594	1991	Male	16 years old;10th	White	White
39881	1991	Female	16 years old;11th	Black or African American	Black or African American
42668	1991	Female	18 years old or older;12th	White	White
35912	1991	Male	18 years old or older;11th	White	White
36394	1991	Male	18 years old or older;12th	White	White
41238	1991	Female	17 years old;10th	Hispanic/Latino	Hispanic/Latino
37746	1991	Female	15 years old;9th	Hispanic/Latino	Hispanic/Latino
37584	1991	Female	15 years old;9th	Black or African American	Black or African American
40289	1991	Female	17 years old;11th	All other races	Asian
32960	1991	Male	16 years old;11th	White	White
41457	1991	Female	17 years old;11th	Black or African American	Black or African American
36415	1991	Male	18 years old or older;12th	Black or African American	Black or African American
36064	1991	Male	18 years old or older;11th	Hispanic/Latino	Hispanic/Latino
38996	1991	Female	16 years old;9th	Hispanic/Latino	Hispanic/Latino
37541	1991	Female	15 years old;9th	Hispanic/Latino	Hispanic/Latino
30861	1991	Male	14 years old;9th	White	White
35102	1991	Male	17 years old;10th	Black or African American	Black or African American
40464	1991	Female	17 years old;11th	White	White
40718	1991	Female	17 years old;11th	Hispanic/Latino	Hispanic/Latino
35320	1991	Male	18 years old or older;12th	Black or African American	Black or African American
32523	1991	Male	16 years old;11th	White	White
30872	1991	Male	14 years old;9th	Black or African American	Black or African American
31198	1991	Male	15 years old;9th	Hispanic/Latino	Hispanic/Latino
37682	1991	Female	15 years old;9th	White	White
35431	1991	Male	18 years old or older;12th	White	White
31716	1991	Male	15 years old;9th	Hispanic/Latino	Hispanic/Latino
30664	1991	Male	14 years old;9th	Hispanic/Latino	Hispanic/Latino
34213	1991	Male	17 years old;12th	Hispanic/Latino	Hispanic/Latino
42033	1991	Female	18 years old or older;12th	Black or African American	Black or African American
38978	1991	Female	16 years old;10th	Black or African American	Black or African American
36511	1991	Male	18 years old or older;11th	All other races	NA
39586	1991	Female	16 years old;10th	All other races	NA
36694	1991	Female	14 years old;9th	Hispanic/Latino	Hispanic/Latino
39430	1991	Female	16 years old;9th	Hispanic/Latino	Hispanic/Latino
37185	1991	Female	14 years old;9th	Hispanic/Latino	Hispanic/Latino
31071	1991	Male	15 years old;10th	White	White
36344	1991	Male	18 years old or older;12th	White	White
34987	1991	Male	17 years old;11th	Black or African American	Black or African American
38889	1991	Female	16 years old;10th	White	White
34721	1991	Male	17 years old;9th	Hispanic/Latino	Hispanic/Latino
31433	1991	Male	15 years old;10th	Black or African American	Black or African American
37725	1991	Female	15 years old;9th	Black or African American	Black or African American
33971	1991	Male	17 years old;11th	Hispanic/Latino	Hispanic/Latino
40981	1991	Female	17 years old;11th	Black or African American	Black or African American
38678	1991	Female	16 years old;10th	White	White
34847	1991	Male	17 years old;11th	White	White
40632	1991	Female	17 years old;11th	Black or African American	Black or African American
33589	1991	Male	16 years old;11th	All other races	NA
35613	1991	Male	18 years old or older;11th	Black or African American	Black or African American
31202	1991	Male	15 years old;9th	Black or African American	Black or African American
32467	1991	Male	16 years old;9th	Hispanic/Latino	Hispanic/Latino
41839	1991	Female	18 years old or older;12th	Hispanic/Latino	Hispanic/Latino
31629	1991	Male	15 years old;9th	All other races	NA
40890	1991	Female	17 years old;11th	Black or African American	Black or African American
37733	1991	Female	15 years old;9th	Hispanic/Latino	Hispanic/Latino
33902	1991	Male	17 years old;12th	White	White
39307	1991	Female	16 years old;9th	White	White
33013	1991	Male	16 years old;9th	White	White
36582	1991	Female	12 years old or younger;12th	All other races	NA
34154	1991	Male	17 years old;11th	White	White
38642	1991	Female	15 years old;9th	White	White
39300	1991	Female	16 years old;11th	Black or African American	Black or African American
33915	1991	Male	17 years old;12th	White	White
31770	1991	Male	15 years old;10th	Black or African American	Black or African American
42861	1991	Female	18 years old or older;11th	Hispanic/Latino	Hispanic/Latino
35873	1991	Male	18 years old or older;12th	Black or African American	Black or African American
38955	1991	Female	16 years old;11th	Black or African American	Black or African American
42716	1991	Female	18 years old or older;12th	All other races	Asian
35732	1991	Male	18 years old or older;12th	Hispanic/Latino	Hispanic/Latino
38795	1991	Female	16 years old;11th	White	White
32425	1991	Male	16 years old;10th	White	White
32356	1991	Male	16 years old;9th	Black or African American	Black or African American
40035	1991	Female	16 years old;9th	White	White
42798	1991	Female	18 years old or older;12th	All other races	Am Indian / Alaska Native
42340	1991	Female	18 years old or older;11th	White	White
31060	1991	Male	15 years old;10th	Black or African American	Black or African American
36870	1991	Female	14 years old;9th	White	White
36581	1991	Female	"NA;9th"	All other races	NA
42395	1991	Female	18 years old or older;12th	Black or African American	Black or African American
39166	1991	Female	16 years old;11th	White	White
31132	1991	Male	15 years old;9th	Black or African American	Black or African American
30631	1991	Male	14 years old;9th	All other races	NA
32367	1991	Male	16 years old;10th	White	White
37318	1991	Female	15 years old;9th	Black or African American	Black or African American
34649	1991	Male	17 years old;10th	Hispanic/Latino	Hispanic/Latino
40436	1991	Female	17 years old;11th	White	White
42475	1991	Female	18 years old or older;12th	Hispanic/Latino	Hispanic/Latino
35984	1991	Male	18 years old or older;10th	Hispanic/Latino	Hispanic/Latino
40302	1991	Female	17 years old;11th	White	White
39252	1991	Female	16 years old;9th	Hispanic/Latino	Hispanic/Latino
31499	1991	Male	15 years old;9th	White	White
31160	1991	Male	15 years old;9th	White	White
33882	1991	Male	17 years old;12th	Black or African American	Black or African American
35418	1991	Male	18 years old or older;12th	White	White
40076	1991	Female	16 years old;11th	All other races	NA
34186	1991	Male	17 years old;10th	Hispanic/Latino	Hispanic/Latino
39615	1991	Female	16 years old;10th	Hispanic/Latino	Hispanic/Latino
36602	1991	Female	14 years old;9th	Hispanic/Latino	Hispanic/Latino
37823	1991	Female	15 years old;9th	Black or African American	Black or African American
40575	1991	Female	17 years old;10th	White	White
31113	1991	Male	15 years old;9th	White	White
35796	1991	Male	18 years old or older;11th	Hispanic/Latino	Hispanic/Latino
40264	1991	Female	17 years old;11th	Hispanic/Latino	Hispanic/Latino
37860	1991	Female	15 years old;9th	Hispanic/Latino	Hispanic/Latino
39467	1991	Female	16 years old;11th	White	White
39075	1991	Female	16 years old;11th	White	White
40045	1991	Female	16 years old;9th	Hispanic/Latino	Hispanic/Latino
38115	1991	Female	15 years old;9th	Hispanic/Latino	Hispanic/Latino
31438	1991	Male	15 years old;11th	Black or African American	Black or African American
42040	1991	Female	18 years old or older;12th	Hispanic/Latino	Hispanic/Latino
32652	1991	Male	16 years old;10th	Hispanic/Latino	Hispanic/Latino
42188	1991	Female	18 years old or older;11th	Hispanic/Latino	Hispanic/Latino
34228	1991	Male	17 years old;10th	Black or African American	Black or African American
34424	1991	Male	17 years old;11th	Black or African American	Black or African American
37208	1991	Female	14 years old;9th	Hispanic/Latino	Hispanic/Latino
37519	1991	Female	15 years old;9th	Hispanic/Latino	Hispanic/Latino
39119	1991	Female	16 years old;10th	Hispanic/Latino	Hispanic/Latino
31982	1991	Male	15 years old;9th	White	White
40165	1991	Female	16 years old;10th	All other races	Am Indian / Alaska Native
38703	1991	Female	16 years old;11th	White	White
34508	1991	Male	17 years old;11th	All other races	NA
36906	1991	Female	14 years old;9th	White	White
33986	1991	Male	17 years old;12th	Black or African American	Black or African American
32751	1991	Male	16 years old;11th	White	White
35839	1991	Male	18 years old or older;12th	Black or African American	Black or African American
41888	1991	Female	18 years old or older;12th	Black or African American	Black or African American
42744	1991	Female	18 years old or older;11th	Black or African American	Black or African American
38535	1991	Female	15 years old;9th	All other races	Am Indian / Alaska Native
41206	1991	Female	17 years old;10th	Hispanic/Latino	Hispanic/Latino
33845	1991	Male	17 years old;12th	White	White
42627	1991	Female	18 years old or older;12th	Black or African American	Black or African American
41647	1991	Female	17 years old;12th	Hispanic/Latino	Hispanic/Latino
30745	1991	Male	14 years old;9th	Hispanic/Latino	Hispanic/Latino
32488	1991	Male	16 years old;10th	White	White
35679	1991	Male	18 years old or older;11th	White	White
38775	1991	Female	16 years old;11th	White	White
31191	1991	Male	15 years old;9th	Black or African American	Black or African American
40762	1991	Female	17 years old;11th	Hispanic/Latino	Hispanic/Latino
36846	1991	Female	14 years old;9th	Black or African American	Black or African American
35658	1991	Male	18 years old or older;12th	Hispanic/Latino	Hispanic/Latino
39403	1991	Female	16 years old;10th	All other races	Asian
31188	1991	Male	15 years old;10th	White	White
37248	1991	Female	15 years old;10th	White	White
30635	1991	Male	14 years old;9th	White	White
42264	1991	Female	18 years old or older;12th	Hispanic/Latino	Hispanic/Latino
31929	1991	Male	15 years old;9th	Black or African American	Black or African American
36711	1991	Female	14 years old;9th	White	White
41162	1991	Female	17 years old;11th	Hispanic/Latino	Hispanic/Latino
42123	1991	Female	18 years old or older;11th	White	White
35269	1991	Male	17 years old;11th	Black or African American	Black or African American
33970	1991	Male	17 years old;12th	Black or African American	Black or African American
39640	1991	Female	16 years old;10th	All other races	Asian
40352	1991	Female	17 years old;12th	Black or African American	Black or African American
31777	1991	Male	15 years old;9th	White	White
31068	1991	Male	15 years old;10th	Black or African American	Black or African American
35399	1991	Male	18 years old or older;12th	Hispanic/Latino	Hispanic/Latino
32492	1991	Male	16 years old;10th	White	White
37627	1991	Female	15 years old;10th	Hispanic/Latino	Hispanic/Latino
31233	1991	Male	15 years old;10th	White	White
40764	1991	Female	17 years old;10th	Black or African American	Black or African American
30642	1991	Male	14 years old;9th	Black or African American	Black or African American
31873	1991	Male	15 years old;10th	Hispanic/Latino	Hispanic/Latino
31500	1991	Male	15 years old;9th	White	White
37700	1991	Female	15 years old;10th	Black or African American	Black or African American
41797	1991	Female	18 years old or older;12th	Black or African American	Black or African American
42097	1991	Female	18 years old or older;11th	All other races	NA
34952	1991	Male	17 years old;9th	Black or African American	Black or African American
36637	1991	Female	14 years old;9th	Black or African American	Black or African American
36510	1991	Male	18 years old or older;11th	White	White
41795	1991	Female	18 years old or older;12th	Black or African American	Black or African American
33878	1991	Male	17 years old;11th	All other races	NA
33003	1991	Male	16 years old;11th	White	White
30776	1991	Male	14 years old;9th	Hispanic/Latino	Hispanic/Latino
36821	1991	Female	14 years old;9th	White	White
37764	1991	Female	15 years old;10th	All other races	Asian
32044	1991	Male	15 years old;10th	Hispanic/Latino	Hispanic/Latino
35503	1991	Male	18 years old or older;12th	White	White
34126	1991	Male	17 years old;11th	Black or African American	Black or African American
37119	1991	Female	14 years old;9th	Black or African American	Black or African American
37594	1991	Female	15 years old;9th	Hispanic/Latino	Hispanic/Latino
36030	1991	Male	18 years old or older;11th	Hispanic/Latino	Hispanic/Latino
42119	1991	Female	18 years old or older;12th	Black or African American	Black or African American
37625	1991	Female	15 years old;10th	Black or African American	Black or African American
42633	1991	Female	18 years old or older;11th	All other races	NA
36773	1991	Female	14 years old;9th	Black or African American	Black or African American
35497	1991	Male	18 years old or older;12th	White	White
31070	1991	Male	15 years old;10th	White	White
34184	1991	Male	17 years old;12th	Hispanic/Latino	Hispanic/Latino
32638	1991	Male	16 years old;11th	Black or African American	Black or African American
32882	1991	Male	16 years old;11th	White	White
32396	1991	Male	16 years old;10th	Hispanic/Latino	Hispanic/Latino
32339	1991	Male	16 years old;10th	Black or African American	Black or African American
30835	1991	Male	14 years old;9th	All other races	Asian
41878	1991	Female	18 years old or older;12th	All other races	NA
37109	1991	Female	14 years old;9th	All other races	NA
37168	1991	Female	14 years old;9th	Black or African American	Black or African American
37994	1991	Female	15 years old;10th	All other races	NA
36267	1991	Male	18 years old or older;9th	All other races	NA
35033	1991	Male	17 years old;12th	All other races	Asian
34086	1991	Male	17 years old;11th	Black or African American	Black or African American
41763	1991	Female	18 years old or older;12th	White	White
40311	1991	Female	17 years old;11th	Hispanic/Latino	Hispanic/Latino
33674	1991	Male	16 years old;10th	Black or African American	Black or African American
40350	1991	Female	17 years old;11th	Black or African American	Black or African American
32516	1991	Male	16 years old;10th	White	White
41776	1991	Female	18 years old or older;12th	All other races	Asian
42625	1991	Female	18 years old or older;11th	Black or African American	Black or African American
34656	1991	Male	17 years old;10th	All other races	Asian
34406	1991	Male	17 years old;12th	White	White
42698	1991	Female	18 years old or older;12th	All other races	Asian
33148	1991	Male	16 years old;10th	Hispanic/Latino	Hispanic/Latino
40754	1991	Female	17 years old;12th	Black or African American	Black or African American
41724	1991	Female	17 years old;12th	Hispanic/Latino	Hispanic/Latino
41969	1991	Female	18 years old or older;12th	White	White
32300	1991	Male	16 years old;11th	White	White
42564	1991	Female	18 years old or older;12th	Hispanic/Latino	Hispanic/Latino
30658	1991	Male	14 years old;9th	Black or African American	Black or African American
32642	1991	Male	16 years old;9th	Black or African American	Black or African American
30648	1991	Male	14 years old;9th	White	White
31219	1991	Male	15 years old;9th	Black or African American	Black or African American
35411	1991	Male	18 years old or older;12th	White	White
36691	1991	Female	14 years old;9th	White	White
39312	1991	Female	16 years old;10th	NA	NA
30731	1991	Male	14 years old;9th	Hispanic/Latino	Hispanic/Latino
33850	1991	Male	17 years old;12th	Black or African American	Black or African American
35922	1991	Male	18 years old or older;12th	White	White
39217	1991	Female	16 years old;9th	White	White
35720	1991	Male	18 years old or older;12th	Hispanic/Latino	Hispanic/Latino
32355	1991	Male	16 years old;10th	White	White
38911	1991	Female	16 years old;11th	Hispanic/Latino	Hispanic/Latino
42140	1991	Female	18 years old or older;12th	Hispanic/Latino	Hispanic/Latino
33387	1991	Male	16 years old;10th	Hispanic/Latino	Hispanic/Latino
40508	1991	Female	17 years old;11th	White	White
42082	1991	Female	18 years old or older;11th	White	White
35781	1991	Male	18 years old or older;12th	White	White
30691	1991	Male	14 years old;9th	Hispanic/Latino	Hispanic/Latino
32680	1991	Male	16 years old;12th	Hispanic/Latino	Hispanic/Latino
31908	1991	Male	15 years old;9th	Hispanic/Latino	Hispanic/Latino
40306	1991	Female	17 years old;11th	Hispanic/Latino	Hispanic/Latino
32213	1991	Male	15 years old;10th	All other races	Asian
38236	1991	Female	15 years old;10th	Black or African American	Black or African American
31950	1991	Male	15 years old;10th	All other races	Asian
37582	1991	Female	15 years old;9th	Hispanic/Latino	Hispanic/Latino
33158	1991	Male	16 years old;10th	Hispanic/Latino	Hispanic/Latino
34824	1991	Male	17 years old;12th	All other races	Asian
39172	1991	Female	16 years old;11th	Hispanic/Latino	Hispanic/Latino
40426	1991	Female	17 years old;11th	Hispanic/Latino	Hispanic/Latino
31172	1991	Male	15 years old;10th	White	White
39092	1991	Female	16 years old;10th	All other races	Am Indian / Alaska Native
33723	1991	Male	16 years old;11th	All other races	NA
31532	1991	Male	15 years old;10th	White	White
30723	1991	Male	14 years old;9th	White	White
41168	1991	Female	17 years old;12th	Hispanic/Latino	Hispanic/Latino
32391	1991	Male	16 years old;10th	Hispanic/Latino	Hispanic/Latino
32649	1991	Male	16 years old;10th	White	White
37264	1991	Female	15 years old;9th	White	White
39498	1991	Female	16 years old;10th	White	White
38705	1991	Female	16 years old;10th	White	White
40448	1991	Female	17 years old;12th	White	White
40494	1991	Female	17 years old;10th	Hispanic/Latino	Hispanic/Latino
41161	1991	Female	17 years old;11th	Hispanic/Latino	Hispanic/Latino
38801	1991	Female	16 years old;11th	All other races	Asian
38720	1991	Female	16 years old;10th	Hispanic/Latino	Hispanic/Latino
33826	1991	Male	17 years old;11th	White	White
34738	1991	Male	17 years old;11th	Hispanic/Latino	Hispanic/Latino
34743	1991	Male	17 years old;12th	Hispanic/Latino	Hispanic/Latino
35369	1991	Male	18 years old or older;12th	White	White
31975	1991	Male	15 years old;9th	White	White
35572	1991	Male	18 years old or older;12th	White	White
35905	1991	Male	18 years old or older;9th	White	White
35478	1991	Male	18 years old or older;12th	Hispanic/Latino	Hispanic/Latino
37143	1991	Female	14 years old;9th	Hispanic/Latino	Hispanic/Latino
37319	1991	Female	15 years old;10th	All other races	Am Indian / Alaska Native
33721	1991	Male	16 years old;11th	All other races	Asian
35918	1991	Male	18 years old or older;12th	White	White
37460	1991	Female	15 years old;10th	Hispanic/Latino	Hispanic/Latino
32789	1991	Male	16 years old;9th	Hispanic/Latino	Hispanic/Latino
34607	1991	Male	17 years old;11th	White	White
39397	1991	Female	16 years old;10th	All other races	NA
37282	1991	Female	15 years old;9th	White	White
41608	1991	Female	17 years old;11th	Black or African American	Black or African American
35536	1991	Male	18 years old or older;12th	Black or African American	Black or African American
41819	1991	Female	18 years old or older;11th	Hispanic/Latino	Hispanic/Latino
40701	1991	Female	17 years old;11th	Black or African American	Black or African American
39296	1991	Female	16 years old;9th	Hispanic/Latino	Hispanic/Latino
34636	1991	Male	17 years old;12th	Hispanic/Latino	Hispanic/Latino
42269	1991	Female	18 years old or older;11th	Black or African American	Black or African American
36225	1991	Male	18 years old or older;12th	Black or African American	Black or African American
36630	1991	Female	14 years old;9th	White	White
37411	1991	Female	15 years old;10th	Black or African American	Black or African American
32223	1991	Male	15 years old;9th	White	White
41803	1991	Female	18 years old or older;12th	Hispanic/Latino	Hispanic/Latino
34221	1991	Male	17 years old;11th	Black or African American	Black or African American
32829	1991	Male	16 years old;11th	Hispanic/Latino	Hispanic/Latino
37447	1991	Female	15 years old;10th	White	White
32445	1991	Male	16 years old;10th	All other races	Asian
32702	1991	Male	16 years old;11th	Hispanic/Latino	Hispanic/Latino
34157	1991	Male	17 years old;11th	White	White
41158	1991	Female	17 years old;11th	Hispanic/Latino	Hispanic/Latino
38924	1991	Female	16 years old;10th	All other races	NA
33824	1991	Male	17 years old;11th	Hispanic/Latino	Hispanic/Latino
30815	1991	Male	14 years old;9th	Black or African American	Black or African American
41907	1991	Female	18 years old or older;10th	White	White
37311	1991	Female	15 years old;10th	Black or African American	Black or African American
32409	1991	Male	16 years old;10th	All other races	NA
39056	1991	Female	16 years old;10th	Black or African American	Black or African American
36220	1991	Male	18 years old or older;12th	All other races	Asian
36187	1991	Male	18 years old or older;12th	Hispanic/Latino	Hispanic/Latino
39159	1991	Female	16 years old;10th	Hispanic/Latino	Hispanic/Latino
32132	1991	Male	15 years old;9th	Black or African American	Black or African American
32403	1991	Male	16 years old;11th	Black or African American	Black or African American
42065	1991	Female	18 years old or older;11th	Hispanic/Latino	Hispanic/Latino
37812	1991	Female	15 years old;9th	Black or African American	Black or African American
41774	1991	Female	18 years old or older;12th	White	White
38148	1991	Female	15 years old;9th	All other races	Asian
40708	1991	Female	17 years old;11th	Hispanic/Latino	Hispanic/Latino
32423	1991	Male	16 years old;11th	Black or African American	Black or African American
40365	1991	Female	17 years old;11th	Black or African American	Black or African American
38981	1991	Female	16 years old;11th	White	White
33433	1991	Male	16 years old;11th	White	White
40972	1991	Female	17 years old;NA	All other races	Asian
38706	1991	Female	16 years old;10th	Hispanic/Latino	Hispanic/Latino
33615	1991	Male	16 years old;11th	Hispanic/Latino	Hispanic/Latino
34668	1991	Male	17 years old;11th	Black or African American	Black or African American
38049	1991	Female	15 years old;10th	All other races	Asian
32951	1991	Male	16 years old;9th	Hispanic/Latino	Hispanic/Latino
34059	1991	Male	17 years old;11th	Hispanic/Latino	Hispanic/Latino
40567	1991	Female	17 years old;11th	Black or African American	Black or African American
37199	1991	Female	14 years old;10th	All other races	Asian
36934	1991	Female	14 years old;9th	NA	NA
38951	1991	Female	16 years old;10th	Black or African American	Black or African American
35074	1991	Male	17 years old;11th	All other races	NA
40403	1991	Female	17 years old;12th	White	White
34308	1991	Male	17 years old;10th	White	White
35579	1991	Male	18 years old or older;12th	All other races	Asian
32540	1991	Male	16 years old;10th	Hispanic/Latino	Hispanic/Latino
40625	1991	Female	17 years old;12th	Black or African American	Black or African American
32775	1991	Male	16 years old;9th	White	White
31265	1991	Male	15 years old;9th	Hispanic/Latino	Hispanic/Latino
31964	1991	Male	15 years old;10th	White	White
31476	1991	Male	15 years old;10th	White	White
42221	1991	Female	18 years old or older;12th	Black or African American	Black or African American
41838	1991	Female	18 years old or older;12th	Hispanic/Latino	Hispanic/Latino
39155	1991	Female	16 years old;11th	White	White
34110	1991	Male	17 years old;11th	White	White
31464	1991	Male	15 years old;10th	Black or African American	Black or African American
32796	1991	Male	16 years old;11th	Hispanic/Latino	Hispanic/Latino
41964	1991	Female	18 years old or older;12th	All other races	NA
38745	1991	Female	16 years old;10th	White	White
31887	1991	Male	15 years old;9th	All other races	Asian
34944	1991	Male	17 years old;11th	Black or African American	Black or African American
31278	1991	Male	15 years old;9th	Hispanic/Latino	Hispanic/Latino
42407	1991	Female	18 years old or older;11th	White	White
39243	1991	Female	16 years old;10th	Hispanic/Latino	Hispanic/Latino
34155	1991	Male	17 years old;10th	White	White
34661	1991	Male	17 years old;12th	Black or African American	Black or African American
40419	1991	Female	17 years old;12th	Hispanic/Latino	Hispanic/Latino
40807	1991	Female	17 years old;12th	Hispanic/Latino	Hispanic/Latino
38715	1991	Female	16 years old;10th	Hispanic/Latino	Hispanic/Latino
32436	1991	Male	16 years old;10th	White	White
42070	1991	Female	18 years old or older;12th	Hispanic/Latino	Hispanic/Latino
40650	1991	Female	17 years old;12th	White	White
36396	1991	Male	18 years old or older;11th	Black or African American	Black or African American
39633	1991	Female	16 years old;10th	Hispanic/Latino	Hispanic/Latino
37256	1991	Female	15 years old;10th	White	White
41812	1991	Female	18 years old or older;12th	Black or African American	Black or African American
36103	1991	Male	18 years old or older;11th	Hispanic/Latino	Hispanic/Latino
35349	1991	Male	18 years old or older;11th	White	White
31166	1991	Male	15 years old;10th	Black or African American	Black or African American
36457	1991	Male	18 years old or older;11th	Black or African American	Black or African American
30643	1991	Male	14 years old;9th	White	White
39652	1991	Female	16 years old;10th	Hispanic/Latino	Hispanic/Latino
32133	1991	Male	15 years old;9th	Black or African American	Black or African American
38838	1991	Female	16 years old;10th	All other races	Asian
35252	1991	Male	17 years old;12th	All other races	Am Indian / Alaska Native
36059	1991	Male	18 years old or older;11th	Black or African American	Black or African American
35828	1991	Male	18 years old or older;11th	White	White
32395	1991	Male	16 years old;9th	All other races	Am Indian / Alaska Native
36643	1991	Female	14 years old;10th	Black or African American	Black or African American
38935	1991	Female	16 years old;10th	All other races	NA
31760	1991	Male	15 years old;9th	Black or African American	Black or African American
36482	1991	Male	18 years old or older;11th	Black or African American	Black or African American
38869	1991	Female	16 years old;9th	Black or African American	Black or African American
39139	1991	Female	16 years old;11th	Hispanic/Latino	Hispanic/Latino
35493	1991	Male	18 years old or older;12th	Hispanic/Latino	Hispanic/Latino
41245	1991	Female	17 years old;10th	Hispanic/Latino	Hispanic/Latino
37415	1991	Female	15 years old;10th	White	White
32299	1991	Male	16 years old;9th	White	White
41242	1991	Female	17 years old;12th	Hispanic/Latino	Hispanic/Latino
39093	1991	Female	16 years old;10th	Black or African American	Black or African American
39803	1991	Female	16 years old;11th	Hispanic/Latino	Hispanic/Latino
32422	1991	Male	16 years old;10th	Hispanic/Latino	Hispanic/Latino
41230	1991	Female	17 years old;11th	All other races	NA
36056	1991	Male	18 years old or older;11th	Black or African American	Black or African American
36749	1991	Female	14 years old;9th	White	White
34993	1991	Male	17 years old;9th	Hispanic/Latino	Hispanic/Latino
41770	1991	Female	18 years old or older;12th	Hispanic/Latino	Hispanic/Latino
40362	1991	Female	17 years old;11th	White	White
38395	1991	Female	15 years old;9th	All other races	Asian
35524	1991	Male	18 years old or older;11th	White	White
31397	1991	Male	15 years old;10th	Black or African American	Black or African American
33886	1991	Male	17 years old;11th	White	White
36731	1991	Female	14 years old;9th	Black or African American	Black or African American
37287	1991	Female	15 years old;10th	White	White
39715	1991	Female	16 years old;9th	Hispanic/Latino	Hispanic/Latino
36768	1991	Female	14 years old;9th	Hispanic/Latino	Hispanic/Latino
42777	1991	Female	18 years old or older;10th	Black or African American	Black or African American
32471	1991	Male	16 years old;10th	White	White
33586	1991	Male	16 years old;11th	All other races	Asian
37797	1991	Female	15 years old;10th	Black or African American	Black or African American
42108	1991	Female	18 years old or older;12th	Hispanic/Latino	Hispanic/Latino
32357	1991	Male	16 years old;11th	White	White
41991	1991	Female	18 years old or older;12th	Hispanic/Latino	Hispanic/Latino
39339	1991	Female	16 years old;11th	All other races	NA
41929	1991	Female	18 years old or older;12th	White	White
32094	1991	Male	15 years old;9th	All other races	NA
42279	1991	Female	18 years old or older;10th	Black or African American	Black or African American
32048	1991	Male	15 years old;9th	White	White
32411	1991	Male	16 years old;9th	White	White
38846	1991	Female	16 years old;10th	White	White
33088	1991	Male	16 years old;11th	Hispanic/Latino	Hispanic/Latino
35894	1991	Male	18 years old or older;12th	All other races	NA
37335	1991	Female	15 years old;10th	White	White
37593	1991	Female	15 years old;9th	Hispanic/Latino	Hispanic/Latino
35016	1991	Male	17 years old;11th	White	White
35432	1991	Male	18 years old or older;12th	Black or African American	Black or African American
31266	1991	Male	15 years old;9th	Black or African American	Black or African American
40359	1991	Female	17 years old;12th	White	White
33681	1991	Male	16 years old;11th	Hispanic/Latino	Hispanic/Latino
30661	1991	Male	14 years old;9th	Black or African American	Black or African American
32554	1991	Male	16 years old;11th	White	White
35551	1991	Male	18 years old or older;12th	Black or African American	Black or African American
38845	1991	Female	16 years old;10th	Hispanic/Latino	Hispanic/Latino
35182	1991	Male	17 years old;10th	Black or African American	Black or African American
34042	1991	Male	17 years old;12th	White	White
41788	1991	Female	18 years old or older;12th	White	White
37945	1991	Female	15 years old;9th	All other races	NA
35529	1991	Male	18 years old or older;11th	Black or African American	Black or African American
33631	1991	Male	16 years old;10th	All other races	Asian
40170	1991	Female	16 years old;11th	All other races	Asian
32705	1991	Male	16 years old;9th	Black or African American	Black or African American
38494	1991	Female	15 years old;10th	White	White
37237	1991	Female	15 years old;9th	Black or African American	Black or African American
34256	1991	Male	17 years old;12th	Black or African American	Black or African American
37992	1991	Female	15 years old;9th	All other races	NA
33383	1991	Male	16 years old;9th	Hispanic/Latino	Hispanic/Latino
40728	1991	Female	17 years old;10th	Black or African American	Black or African American
36614	1991	Female	14 years old;9th	White	White
38689	1991	Female	16 years old;11th	White	White
40599	1991	Female	17 years old;12th	Hispanic/Latino	Hispanic/Latino
40118	1991	Female	16 years old;10th	Black or African American	Black or African American
40618	1991	Female	17 years old;10th	Hispanic/Latino	Hispanic/Latino
40942	1991	Female	17 years old;12th	Black or African American	Black or African American
34804	1991	Male	17 years old;11th	Hispanic/Latino	Hispanic/Latino
40020	1991	Female	16 years old;11th	White	White
34182	1991	Male	17 years old;10th	Black or African American	Black or African American
33669	1991	Male	16 years old;11th	Black or African American	Black or African American
36266	1991	Male	18 years old or older;12th	All other races	Am Indian / Alaska Native
32809	1991	Male	16 years old;11th	Black or African American	Black or African American
36552	1991	Male	18 years old or older;11th	Hispanic/Latino	Hispanic/Latino
33980	1991	Male	17 years old;12th	White	White
37534	1991	Female	15 years old;9th	All other races	Asian
40674	1991	Female	17 years old;12th	Hispanic/Latino	Hispanic/Latino
33894	1991	Male	17 years old;10th	Hispanic/Latino	Hispanic/Latino
36735	1991	Female	14 years old;9th	All other races	Asian
40155	1991	Female	16 years old;11th	Black or African American	Black or African American
31451	1991	Male	15 years old;10th	Hispanic/Latino	Hispanic/Latino
34407	1991	Male	17 years old;11th	All other races	NA
